epoch,train_loss,valid_loss
1,1.2962521679968042,1.606882545312656
